headline,category
"Experts discuss economy and company impact",Business
"Software news shocks the technology world",Technology
"Revenue and shares lead today's business update",Business
"Music news shocks the entertainment world",Entertainment
"New app related tech gains attention",Technology
"AI and blockchain lead today's technology update",Technology
"Cricket and goal lead today's sports update",Sports
"Box office and trailer lead today's entertainment update",Entertainment
"Parliament and minister lead today's politics update",Politics
"New finance related market gains attention",Business
"Olympics and championship lead today's sports update",Sports
"Startup and machine learning lead today's technology update",Technology
"Breaking: policy development in government",Politics
"New movie related celebrity gains attention",Entertainment
"App and tech lead today's technology update",Technology
"Cricket news shocks the sports world",Sports
"New policy related election gains attention",Politics
"Shares and revenue lead today's business update",Business
"Experts discuss minister and parliament impact",Politics
"Music and actor lead today's entertainment update",Entertainment
"Breaking: stock development in investment",Business
"Box office news shocks the entertainment world",Entertainment
"New AI related software gains attention",Technology
"Goal news shocks the sports world",Sports
"Breaking: goal development in match",Sports
"Minister and policy lead today's politics update",Politics
"Company and stock lead today's business update",Business
"Experts discuss AI and startup impact",Technology
"Trailer and series lead today's entertainment update",Entertainment
"Celebrity news shocks the entertainment world",Entertainment
"Cricket and championship lead today's sports update",Sports
"Breaking: election development in bill",Politics
"Football and match lead today's sports update",Sports
"Machine learning and app lead today's technology update",Technology
"Music and award lead today's entertainment update",Entertainment
"Breaking: tournament development in score",Sports
"Experts discuss blockchain and machine learning impact",Technology
"Goal and tournament lead today's sports update",Sports
"Market news shocks the business world",Business
"Movie and actor lead today's entertainment update",Entertainment
"Finance and investment lead today's business update",Business
"New robot related tech gains attention",Technology
"Election and parliament lead today's politics update",Politics
"App news shocks the technology world",Technology
"Cricket news shocks the sports world",Sports
"Government and minister lead today's politics update",Politics
"Series news shocks the entertainment world",Entertainment
"Startup and software lead today's technology update",Technology
"New company related shares gains attention",Business
"Breaking: actor development in music",Entertainment
